"","x"
"1","GB0031829509"
"2","GB0033280339"
"3","GB0008881541"
"4","GB00B0V3WX43"
"5","GB0008931148"
"6","GB00B1VWPC84"
"7","GB00B058DQ55"
"8","GB0009997999"
"9","GB00B16NNR78"
"10","GB0002404191"
"11","GB00B24FF097"
"12","GB0004893086"
"13","GB00B39R3F84"
"14","GB0030880693"
"15","GB00B3KJDQ49"
"16","GB00B4YRFP41"
"17","GB00B52WS153"
"18","GB0032452392"
"19","GB00B00NY175"
"20","GB00B3KJDS62"
"21","GB00B1VWPJ53"
"22","GB00B128DP45"
"23","GB00B39R3707"
"24","GB00B06YGN05"
"25","GB00B29WRG55"
"26","GB0008921883"
"27","GB00B3KJDW09"
"28","GB00B4LFZR36"
"29","GB00B54QLM75"
"30","GB00B3QCG246"
"31","GB00B3Z3K594"
"32","GB00B582JV65"
"33","GB00B6460505"
"34","GB00B6RNH572"
"35","GB00B4RMG977"
"36","GB00B7F9S958"
"37","GB00B7L9SL19"
"38","GB00B84Z9V04"
"39","GB00B8KP6M44"
"40","GB00BBJNQY21"
"41","GB00B7Z53659"
"42","GB00BDV0F150"
"43","GB00BHBFH458"
"44","GB00BN65R313"
"45","GB00BN65R198"
"46","GB00BTHH2R79"
"47","GB00BYYMZX75"
"48","GB00BYY5F581"
"49","GB00BYZW3G56"
"50","GB00BD0PCK97"
"51","GB00BDCHBW80"
"52","GB00BZB26Y51"
"53","GB00BD0XH204"
"54","GB00BF0HZ991"
"55","GB00BDRHNP05"
"56","GB00BFMCN652"
"57","GB00BFX0ZL78"
"58","GB00BFWFPL34"
"59","GB00BFWFPP71"
"60","GB00BJLR0J16"
"61","GB00BK5CVX03"
"62","GB00BJMHB534"
"63","GB00BJQWYH73"
"64","GB00BL68HH02"
"65","GB00BMBL1D50"
"66","GB00BMBL1F74"
"67","GB00BMBL1G81"
"68","GB00BL68HJ26"
"69","GB00BMGR2916"
"70","GB00BMGR2791"
"71","GB00BMGR2809"
"72","GB00BNNGP775"
"73","GB00BNNGP668"
"74","GB00BLH38158"
"75","GB00BLPK7110"
"76","GB00BLPK7334"
"77","GB00BM8Z2S21"
"78","GB00BLPK7227"
"79","GB00BM8Z2V59"
